{
  "name": "珠海终端管制区",
  "ceiling_m": 4800,
  "floor_m": 30,
  "airports": ["ZGSZ", "ZGSD", "VMMC", "ZGNT", "ZGUH", "ZGHZ"],
  "vertices": [
    [22.881667, 113.483333],
    [23.021667, 113.556667],
    [23.036667, 114.110000],
    [22.908333, 114.228333],
    [22.921667, 114.750000],
    [22.408333, 114.750000],
    [22.408333, 114.500000],
    [22.489167, 114.456111],
    [22.516667, 114.428611],
    [22.544167, 114.384722],
    [22.571389, 114.313056],
    [22.570278, 114.271389],
    [22.563333, 114.230000],
    [22.410000, 113.828333],
    [22.228333, 113.665000],
    [22.160000, 113.698333],
    [21.000000, 112.726389],
    [21.909722, 112.536389],
    [22.163333, 112.483333],
    [22.406944, 112.482778],
    [22.550000, 113.194722],
    [22.625000, 113.328333],
    [22.671667, 113.356944]
  ]
}
